{
  "configurableConfig" : [
    {
      "config" : {
        "default" : "",
        "placeholder" : "The passed-in arguments will be used",
        "required" : false,
        "trim" : true
      },
      "description" : "",
      "label" : "App",
      "type" : "textfield",
      "variable" : "target_app"
    }
  ],
  "inputDescription" : "One or more app names, paths, or bundle identifiers",
  "inputMulti" : 2,
  "inputOverride" : "target_app",
  "inputType" : 0,
  "outputDescription" : "Boolean (\"true\" or \"false\")",
  "outputType" : 1,
  "script" : "function writeSTDOUT(string) {\n  const nsdata = $(string).dataUsingEncoding($.NSUTF8StringEncoding)\n  $.NSFileHandle.fileHandleWithStandardOutput.writeData(nsdata)\n}\n\nfunction run(argv) {\n  try {\n    \/\/ Output as string, without newline\n    const state = argv.every(app => Application(app).running()).toString()\n    writeSTDOUT(state)\n  } catch(error) {\n    if (error.errorNumber === -2700) return false\n  }\n}",
  "scriptType" : 7,
  "state" : 0,
  "taskDescription" : "Check if apps are running",
  "taskName" : "Is App Running?"
}
