{
  "configurableConfig" : [
    {
      "config" : {
        "pairs" : [
          [
            "Base64",
            "base64"
          ],
          [
            "Hexadecimal",
            "hex"
          ]
        ]
      },
      "description" : "",
      "label" : "Output Representation",
      "type" : "popupbutton",
      "variable" : "out_format"
    }
  ],
  "inputMulti" : 1,
  "inputType" : 0,
  "outputDescription" : "Text",
  "outputType" : 1,
  "script" : "case \"${out_format}\" in\n  base64) \/usr\/bin\/base64 <<< \"${1}\" | tr -d '\\n';;\n  hex) \/usr\/bin\/xxd -plain <<< \"${1}\" | tr -d '\\n';;\n  *) echo \"Invalid representation: ${out_format}\" >&2; exit 1;;\nesac",
  "scriptType" : 5,
  "state" : 0,
  "taskDescription" : "Get binary encodings of text",
  "taskName" : "Binary Encode Text"
}