{
  "configurableConfig" : [
    {
      "config" : {
        "default" : "",
        "placeholder" : "e.g. pineapples",
        "required" : true,
        "trim" : false
      },
      "description" : "",
      "label" : "Match For",
      "type" : "textfield",
      "variable" : "match_string"
    },
    {
      "config" : {
        "default" : false,
        "required" : false,
        "text" : "Treat text to match for as a regular expression"
      },
      "description" : "",
      "label" : "Regex",
      "type" : "checkbox",
      "variable" : "regex"
    }
  ],
  "inputMulti" : 1,
  "inputType" : 0,
  "outputDescription" : "Text",
  "outputType" : 1,
  "script" : "if [[ \"${regex}\" -eq 1 ]]\nthen\n  \/usr\/bin\/grep --extended-regexp \"${match_string}\" <<< \"${1}\"\nelse\n  \/usr\/bin\/grep --fixed-strings \"${match_string}\" <<< \"${1}\"\nfi",
  "scriptType" : 5,
  "state" : 0,
  "taskDescription" : "Get lines matching a pattern",
  "taskName" : "Matching Lines"
}