{
  "configurableConfig" : [
    {
      "config" : {
        "default" : "",
        "filtermode" : 1,
        "placeholder" : "The passed-in arguments will be used",
        "required" : false
      },
      "description" : "",
      "label" : "Folder",
      "type" : "filepicker",
      "variable" : "target_path"
    }
  ],
  "inputDescription" : "One or more file paths",
  "inputMulti" : 2,
  "inputOverride" : "target_path",
  "inputType" : 0,
  "outputDescription" : "File path array",
  "outputType" : 1,
  "script" : "function alfredArgs(args) {\n  return JSON.stringify({ alfredworkflow: { arg: args } })\n}\n\nfunction run(argv) {\n  const paths = argv.map(path => $(path).stringByExpandingTildeInPath.js)\n  const fileManager = $.NSFileManager.defaultManager\n\n  paths.forEach(path => { if (!path.startsWith(\"\/\")) throw \"Invalid path: \" + path })\n\n  paths.forEach(path => {\n    fileManager.createDirectoryAtPathWithIntermediateDirectoriesAttributesError(path, true, undefined, undefined)\n  })\n\n  return alfredArgs(paths)\n}",
  "scriptType" : 7,
  "state" : 0,
  "taskDescription" : "Make new folders, including intermediary paths",
  "taskName" : "New Folder"
}