{
  "configurableConfig" : [
    {
      "config" : {
        "default" : true,
        "required" : false,
        "text" : "Also remove lines with nothing but tabs and spaces"
      },
      "description" : "",
      "label" : "Whitespace is Empty",
      "type" : "checkbox",
      "variable" : "all_whitespace"
    }
  ],
  "inputMulti" : 1,
  "inputType" : 0,
  "outputDescription" : "Text",
  "outputType" : 1,
  "script" : "if [[ \"${all_whitespace}\" -eq 1 ]]\nthen\n  \/usr\/bin\/sed '\/^[[:space:]]*$\/d' <<< \"${1}\"\nelse\n  \/usr\/bin\/sed '\/^$\/d' <<< \"${1}\"\nfi",
  "scriptType" : 5,
  "state" : 0,
  "taskDescription" : "Get text with empty lines removed",
  "taskName" : "Delete Empty Lines"
}