{
  "configurableConfig" : [
    {
      "config" : {
        "default" : "1",
        "placeholder" : "",
        "required" : false,
        "trim" : true
      },
      "description" : "",
      "label" : "Leading Lines",
      "type" : "textfield",
      "variable" : "lines_number"
    }
  ],
  "inputMulti" : 1,
  "inputType" : 0,
  "outputDescription" : "Text",
  "outputType" : 1,
  "script" : "\/usr\/bin\/head -\"${lines_number}\" <<< \"${1}\"",
  "scriptType" : 5,
  "state" : 0,
  "taskDescription" : "Get number of lines from start of text",
  "taskName" : "Leading Lines"
}