{
  "configurableConfig" : [
    {
      "config" : {
        "default" : "",
        "placeholder" : "The passed-in arguments will be used",
        "required" : false,
        "trim" : true
      },
      "description" : "",
      "label" : "URL",
      "type" : "textfield",
      "variable" : "url"
    }
  ],
  "inputMulti" : -1,
  "inputOverride" : "url",
  "inputType" : 2,
  "outputType" : 0,
  "script" : "..\/.common\/windows-new 'Safari' '0' \"${@}\"",
  "scriptType" : 5,
  "state" : 0,
  "taskDescription" : "Make new Safari window with URL",
  "taskName" : "Open New Safari Window"
}