{
  "configurableConfig" : [
    {
      "config" : {
        "default" : "",
        "placeholder" : "e.g. alfredapp.com",
        "required" : true,
        "trim" : true
      },
      "description" : "",
      "label" : "Match For",
      "type" : "textfield",
      "variable" : "match_string"
    },
    {
      "config" : {
        "default" : true,
        "required" : false,
        "text" : "Include all windows behind the frontmost"
      },
      "description" : "",
      "label" : "Scope",
      "type" : "checkbox",
      "variable" : "all_windows"
    },
    {
      "config" : {
        "default" : false,
        "required" : false,
        "text" : "Allow empty result when no windows are open"
      },
      "description" : "",
      "label" : "",
      "type" : "checkbox",
      "variable" : "allow_empty"
    },
    {
      "config" : {
        "default" : false,
        "required" : false,
        "text" : "Treat text to match for as a regular expression"
      },
      "description" : "",
      "label" : "",
      "type" : "checkbox",
      "variable" : "regex"
    }
  ],
  "inputMulti" : 0,
  "inputType" : 0,
  "outputDescription" : "URL array",
  "outputType" : 1,
  "script" : "..\/..\/..\/..\/com.alfredapp.automation.core\/safari\/.common\/tabs-not-matching-close 'frontmost_browser' \"${all_windows}\" \"${allow_empty}\" \"${match_string}\" \"${regex}\"",
  "scriptType" : 5,
  "state" : 0,
  "taskDescription" : "Close frontmost browser tabs without specified text in URL",
  "taskName" : "Close Front Browser Tabs Not Matching URL"
}