{
  "configurableConfig" : [
    {
      "config" : {
        "default" : "",
        "filtermode" : 2,
        "placeholder" : "The passed-in arguments will be used",
        "required" : false
      },
      "description" : "",
      "label" : "File",
      "type" : "filepicker",
      "variable" : "target_path"
    }
  ],
  "inputMulti" : 2,
  "inputOverride" : "target_path",
  "inputType" : 1,
  "outputDescription" : "Boolean (\"true\" or \"false\")",
  "outputType" : 1,
  "script" : "for file in \"${@}\"\ndo\n  # Needs to be run on a file, not a directory\n  if [[ ! -f \"${file}\" ]]\n  then\n    echo \"Invalid file: ${file}\" >&2\n    exit 1\n  fi\n\n  # If executable, skip to next loop iteration\n  [[ -x \"${file}\" ]] && continue\n\n  # If we reach here, at least one file is not executable\n  echo -n 'false'\n  exit 1\ndone\n\n# If we reach here, all paths are files and executable\necho -n 'true'",
  "scriptType" : 5,
  "state" : 0,
  "taskDescription" : "Check if files are executable",
  "taskName" : "Is File Executable?"
}