{
  "configurableConfig" : [
    {
      "config" : {
        "default" : "",
        "filtermode" : 1,
        "placeholder" : "The passed-in arguments will be used",
        "required" : false
      },
      "description" : "",
      "label" : "Folder",
      "type" : "filepicker",
      "variable" : "target_path"
    }
  ],
  "inputMulti" : 2,
  "inputOverride" : "target_path",
  "inputType" : 1,
  "outputDescription" : "Boolean (\"true\" or \"false\")",
  "outputType" : 1,
  "script" : "for input in \"${@}\"\ndo\n  # If directory, skip to next loop iteration\n  [[ -d \"${input}\" ]] && continue\n\n  # If we reach here, at least one path is not a directory\n  echo -n 'false'\n  exit 1\ndone\n\n# If we reach here, all paths are directories\necho -n 'true'",
  "scriptType" : 5,
  "state" : 0,
  "taskDescription" : "Check if paths are folders",
  "taskName" : "Is Folder?"
}