{
  "inputMulti" : 1,
  "inputType" : 0,
  "outputDescription" : "Text",
  "outputType" : 1,
  "script" : "function shuffle(array) {\n  for (let i = array.length - 1; i > 0; i--) {\n    const j = Math.floor(Math.random() * (i + 1));\n    [array[i], array[j]] = [array[j], array[i]];\n  }\n\n  return array\n}\n\nfunction run(argv) {\n  return shuffle(argv[0].split(\"\\n\")).join(\"\\n\")\n}",
  "scriptType" : 7,
  "state" : 0,
  "taskDescription" : "Get text lines in random order",
  "taskName" : "Randomise Line Order"
}