{
  "configurableConfig" : [
    {
      "config" : {
        "default" : "",
        "filtermode" : 2,
        "placeholder" : "The passed-in arguments will be used",
        "required" : false
      },
      "description" : "",
      "label" : "File",
      "type" : "filepicker",
      "variable" : "target_path"
    },
    {
      "config" : {
        "default" : "on",
        "pairs" : [
          [
            "On",
            "on"
          ],
          [
            "Off",
            "off"
          ],
          [
            "Toggle",
            "toggle"
          ]
        ]
      },
      "description" : "",
      "label" : "Executable Bit",
      "type" : "popupbutton",
      "variable" : "target_mode"
    }
  ],
  "inputMulti" : 2,
  "inputOverride" : "target_path",
  "inputType" : 1,
  "outputType" : 0,
  "script" : "for file in \"${@}\"\ndo\n  # Needs to be run on a file, not a directory\n  if [[ ! -f \"${file}\" ]]\n  then\n    echo \"Invalid file: ${file}\" >&2\n    exit 1\n  fi\n\n  case \"${target_mode}\" in\n    on) \/bin\/chmod +x \"${file}\";;\n    off) \/bin\/chmod -x \"${file}\";;\n    toggle) [[ -x \"${file}\" ]] && \/bin\/chmod -x \"${file}\" || \/bin\/chmod +x \"${file}\";;\n    *) echo \"Invalid mode: ${target_mode}\" >&2; exit 1;;\n  esac\ndone",
  "scriptType" : 5,
  "state" : 0,
  "taskDescription" : "Enable, disable, or toggle executable permission of files",
  "taskName" : "Make File Executable"
}