{
  "inputMulti" : 2,
  "inputType" : 1,
  "outputDescription" : "File path array",
  "outputType" : 1,
  "script" : "function alfred_args {\n  \/usr\/bin\/osascript -l JavaScript -e 'function run(argv) { return JSON.stringify({ alfredworkflow: { arg: argv } }) }' \"${@}\"\n}\n\ndirs=()\n\nfor input in \"${@}\"\ndo\n  [[ -d \"${input}\" ]] && dirs+=(\"${input}\")\ndone\n\nalfred_args \"${dirs[@]}\"",
  "scriptType" : 5,
  "state" : 0,
  "taskDescription" : "Exclude files from path list",
  "taskName" : "Filter Paths for Folders"
}