{
  "configurableConfig" : [
    {
      "config" : {
        "default" : "",
        "filtermode" : 0,
        "placeholder" : "The passed-in arguments will be used",
        "required" : false
      },
      "description" : "",
      "label" : "Path",
      "type" : "filepicker",
      "variable" : "target_path"
    },
    {
      "config" : {
        "default" : false,
        "required" : false,
        "text" : "Strip file extension from name"
      },
      "description" : "",
      "label" : "Remove Extension",
      "type" : "checkbox",
      "variable" : "no_extension"
    }
  ],
  "inputMulti" : 2,
  "inputOverride" : "target_path",
  "inputType" : 1,
  "outputDescription" : "Text array",
  "outputType" : 1,
  "script" : "function alfredArgs(args) {\n  return JSON.stringify({ alfredworkflow: { arg: args } })\n}\n\nfunction envVar(varName) {\n  return $.NSProcessInfo\n    .processInfo\n    .environment\n    .objectForKey(varName).js\n}\n\nfunction run(argv) {\n  const noExtension = envVar(\"no_extension\") === \"1\"\n  const baseNames = argv.map(path => $(path).lastPathComponent.js)\n\n  if (noExtension) return alfredArgs(baseNames.map(path => $(path).stringByDeletingPathExtension.js))\n  return alfredArgs(baseNames)\n}",
  "scriptType" : 7,
  "state" : 0,
  "taskDescription" : "Get path names without folder portion",
  "taskName" : "Path Basename"
}