{
  "configurableConfig" : [
    {
      "config" : {
        "default" : "",
        "filtermode" : 0,
        "placeholder" : "The passed-in arguments will be used",
        "required" : false
      },
      "description" : "",
      "label" : "Path",
      "type" : "filepicker",
      "variable" : "target_path"
    },
    {
      "config" : {
        "default" : "",
        "required" : true,
        "trim" : true,
        "verticalsize" : 3
      },
      "description" : "",
      "label" : "Comment",
      "type" : "textarea",
      "variable" : "finder_comment"
    }
  ],
  "inputMulti" : 2,
  "inputOverride" : "target_path",
  "inputType" : 1,
  "outputType" : 2,
  "script" : "..\/.common\/finder-comment set \"${finder_comment}\" \"${@}\"",
  "scriptType" : 5,
  "state" : 0,
  "taskDescription" : "Set Finder comment of paths",
  "taskName" : "Write Finder Comment"
}