{
  "configurableConfig" : [
    {
      "config" : {
        "default" : "",
        "filtermode" : 0,
        "placeholder" : "The passed-in arguments will be used",
        "required" : false
      },
      "description" : "",
      "label" : "Path",
      "type" : "filepicker",
      "variable" : "target_path"
    }
  ],
  "inputMulti" : 2,
  "inputOverride" : "target_path",
  "inputType" : 1,
  "outputType" : 0,
  "script" : "on run argv\n  set pathList to {}\n\n  repeat with pathString in argv\n    set end of pathList to POSIX file pathString\n  end repeat\n\n  tell application \"Finder\" to delete pathList\nend run",
  "scriptType" : 6,
  "state" : 0,
  "taskDescription" : "Trash paths",
  "taskName" : "Send to Trash"
}