{
  "configurableConfig" : [
    {
      "config" : {
        "default" : "",
        "filtermode" : 2,
        "placeholder" : "The passed-in arguments will be used",
        "required" : false
      },
      "description" : "",
      "label" : "File",
      "type" : "filepicker",
      "variable" : "target_path"
    }
  ],
  "inputDescription" : "One or more file paths",
  "inputMulti" : 2,
  "inputOverride" : "target_path",
  "inputType" : 0,
  "outputDescription" : "File path array",
  "outputType" : 1,
  "script" : "function alfredArgs(args) {\n  return JSON.stringify({ alfredworkflow: { arg: args } })\n}\n\nfunction run(argv) {\n  const paths = argv.map(path => $(path).stringByExpandingTildeInPath.js)\n  const fileManager = $.NSFileManager.defaultManager\n\n  paths.forEach(path => {\n    if (!path.startsWith(\"\/\")) throw \"Invalid path: \" + path\n    if (fileManager.fileExistsAtPath(path)) throw \"File exists: \" + path\n  })\n\n  paths.forEach(path => {\n    fileManager.createDirectoryAtPathWithIntermediateDirectoriesAttributesError($(path).stringByDeletingLastPathComponent.js, true, undefined, undefined)\n    fileManager.createFileAtPathContentsAttributes(path, undefined, undefined)\n  })\n\n  return alfredArgs(paths)\n}\n\n\n",
  "scriptType" : 7,
  "state" : 0,
  "taskDescription" : "Make new empty files, including intermediary folders",
  "taskName" : "New Empty File"
}