{
  "configurableConfig" : [
    {
      "config" : {
        "default" : "base64",
        "pairs" : [
          [
            "Base64",
            "base64"
          ],
          [
            "Hexadecimal",
            "hex"
          ]
        ]
      },
      "description" : "",
      "label" : "Output Representation",
      "type" : "popupbutton",
      "variable" : "out_format"
    },
    {
      "config" : {
        "default" : "",
        "filtermode" : 2,
        "placeholder" : "The passed-in arguments will be used",
        "required" : false
      },
      "description" : "",
      "label" : "File",
      "type" : "filepicker",
      "variable" : "target_path"
    }
  ],
  "inputMulti" : 1,
  "inputOverride" : "target_path",
  "inputType" : 1,
  "outputDescription" : "Text",
  "outputType" : 1,
  "script" : "case \"${out_format}\" in\n  base64) \/usr\/bin\/base64 --input=\"${1}\" | tr -d '\\n';;\n  hex) \/usr\/bin\/xxd -plain \"${1}\" | tr -d '\\n';;\n  *) echo \"Invalid representation: ${out_format}\" >&2; exit 1;;\nesac",
  "scriptType" : 5,
  "state" : 0,
  "taskDescription" : "Get binary encodings of files",
  "taskName" : "Binary Encode File"
}