{
  "configurableConfig" : [
    {
      "config" : {
        "default" : "",
        "filtermode" : 0,
        "placeholder" : "The passed-in arguments will be used",
        "required" : false
      },
      "description" : "",
      "label" : "Path",
      "type" : "filepicker",
      "variable" : "target_path"
    }
  ],
  "inputDescription" : "One or more file paths",
  "inputMulti" : 2,
  "inputOverride" : "target_path",
  "inputType" : 0,
  "outputDescription" : "Boolean (\"true\" or \"false\")",
  "outputType" : 1,
  "script" : "for input in \"${@}\"\ndo\n  # If exists, skip to next loop iteration\n  [[ -e \"${input}\" ]] && continue\n\n  # If we reach here, at least one path does not exist\n  echo -n 'false'\n  exit 1\ndone\n\n# If we reach here, all paths exist\necho -n 'true'",
  "scriptType" : 5,
  "state" : 0,
  "taskDescription" : "Check if paths exist",
  "taskName" : "Does Path Exist?"
}