{
  "configurableConfig" : [
    {
      "config" : {
        "default" : "",
        "filtermode" : 2,
        "placeholder" : "The passed-in arguments will be used",
        "required" : false
      },
      "description" : "",
      "label" : "Image",
      "type" : "filepicker",
      "variable" : "target_path"
    }
  ],
  "inputMulti" : 1,
  "inputOverride" : "target_path",
  "inputType" : 1,
  "outputDescription" : "Text",
  "outputType" : 1,
  "script" : "readonly image=\"${1}\"\n\n..\/.common\/get-image-property 'format' \"${image}\"",
  "scriptType" : 5,
  "state" : 0,
  "taskDescription" : "Get format of images",
  "taskName" : "Image Format"
}