{
  "configurableConfig" : [
    {
      "config" : {
        "default" : "~\/Desktop",
        "filtermode" : 1,
        "placeholder" : "",
        "required" : false
      },
      "description" : "",
      "label" : "Save Folder",
      "type" : "filepicker",
      "variable" : "save_in"
    },
    {
      "config" : {
        "default" : false,
        "required" : false,
        "text" : "Replace file with same name at destination"
      },
      "description" : "",
      "label" : "Overwrite",
      "type" : "checkbox",
      "variable" : "overwrite"
    },
    {
      "config" : {
        "default" : "PDF",
        "pairs" : [
          [
            "PDF",
            "PDF"
          ],
          [
            "Microsoft Excel",
            "Microsoft Excel"
          ],
          [
            "CSV",
            "CSV"
          ],
          [
            "Numbers 09",
            "Numbers 09"
          ]
        ]
      },
      "description" : "",
      "label" : "Output",
      "type" : "popupbutton",
      "variable" : "out_format"
    }
  ],
  "inputMulti" : 0,
  "inputType" : 0,
  "outputDescription" : "File path of exported file",
  "outputType" : 1,
  "script" : "function alfredArgs(args) {\n  return JSON.stringify({ alfredworkflow: { arg: args } })\n}\n\nfunction envVar(varName) {\n  return $.NSProcessInfo\n    .processInfo\n    .environment\n    .objectForKey(varName).js\n}\n\nfunction exportPath(document, saveIn, format) {\n  const removeExtension = \/\\.numbers$\/\n  const extensionMapping = {\n    \"PDF\": \".pdf\",\n    \"Microsoft Excel\": \".xlsx\",\n    \"CSV\": \".csv\",\n    \"Numbers 09\": \".numbers\"\n  }\n\n  return `${saveIn}\/${document.name().replace(removeExtension, \"\")}${extensionMapping[format]}`\n}\n\nconst overwrite = envVar(\"overwrite\") === \"1\"\nconst saveIn = envVar(\"save_in\")\nconst outFormat = envVar(\"out_format\")\nconst fileManager = $.NSFileManager.defaultManager\n\n\/\/ Create destination directory\nfileManager.createDirectoryAtPathWithIntermediateDirectoriesAttributesError(saveIn, true, undefined, undefined)\n\n\/\/ Export file\nconst frontmost = Application(\"Numbers\").documents[0]\nconst outFile = exportPath(frontmost, saveIn, outFormat)\n\nif (!overwrite && fileManager.fileExistsAtPath(outFile)) throw `File exists: ${outFile}`\n\nfrontmost.export({ to: Path(outFile), as: outFormat })\nalfredArgs(outFile)",
  "scriptType" : 7,
  "state" : 0,
  "taskDescription" : "Export current Numbers document to another format",
  "taskName" : "Export Current Numbers Document"
}