{
  "configurableConfig" : [
    {
      "config" : {
        "default" : "",
        "placeholder" : "The passed-in arguments will be used",
        "required" : false,
        "trim" : true
      },
      "description" : "",
      "label" : "URL",
      "type" : "textfield",
      "variable" : "url"
    },
    {
      "config" : {
        "default" : false,
        "required" : false,
        "text" : "Open window for Private Browsing"
      },
      "description" : "",
      "label" : "Private Window",
      "type" : "checkbox",
      "variable" : "private_window"
    }
  ],
  "inputMulti" : -1,
  "inputOverride" : "url",
  "inputType" : 2,
  "outputType" : 0,
  "script" : "..\/..\/..\/..\/com.alfredapp.automation.core\/safari\/.common\/windows-new 'frontmost_browser' \"${private_window}\" \"${@}\"",
  "scriptType" : 5,
  "state" : 0,
  "taskDescription" : "Make new frontmost browser window with URL",
  "taskName" : "Open New Front Browser Window"
}